1,google.com
2,facebook.com
3,youtube.com
4,yahoo.com
5,baidu.com
6,amazon.com
7,wikipedia.org
8,twitter.com
9,taobao.com
10,qq.com
11,google.co.in
12,live.com
13,sina.com.cn
14,weibo.com
15,linkedin.com
16,yahoo.co.jp
17,tmall.com
18,blogspot.com
19,ebay.com
20,hao123.com
21,google.co.jp
22,google.de
23,yandex.ru
24,bing.com
25,sohu.com
26,vk.com
27,instagram.com
28,tumblr.com
29,reddit.com
30,google.co.uk
31,pinterest.com
32,amazon.co.jp
33,wordpress.com
34,msn.com
35,imgur.com
36,google.fr
37,adcash.com
38,google.com.br
39,ask.com
40,paypal.com
41,imdb.com
42,aliexpress.com
43,xvideos.com
44,alibaba.com
45,apple.com
46,fc2.com
47,microsoft.com
48,mail.ru
49,t.co
50,google.it
51,360.cn
52,google.ru
53,amazon.de
54,google.es
55,kickass.so
56,netflix.com
57,163.com
58,go.com
59,xinhuanet.com
60,gmw.cn
61,onclickads.net
62,google.com.hk
63,craigslist.org
64,stackoverflow.com
65,xhamster.com
66,people.com.cn
67,google.ca
68,amazon.co.uk
69,naver.com
70,soso.com
71,amazon.cn
72,googleadservices.com
73,pornhub.com
74,bbc.co.uk
75,google.com.tr
76,cnn.com
77,diply.com
78,rakuten.co.jp
79,espn.go.com
80,ebay.de
81,nicovideo.jp
82,dailymotion.com
83,google.com.mx
84,adobe.com
85,cntv.cn
86,flipkart.com
87,google.pl
88,youku.com
89,google.com.au
90,alipay.com
91,ok.ru
92,blogger.com
93,huffingtonpost.com
94,dropbox.com
95,chinadaily.com.cn
96,googleusercontent.com
97,wikia.com
98,nytimes.com
99,google.co.kr
100,ebay.co.uk
101,dailymail.co.uk
102,china.com
103,livedoor.com
104,github.com
105,indiatimes.com
106,pixnet.net
107,jd.com
108,tudou.com
109,sogou.com
110,outbrain.com
111,uol.com.br
112,buzzfeed.com
113,gmail.com
114,xnxx.com
115,google.com.tw
116,blogspot.in
117,amazon.in
118,booking.com
119,google.com.eg
120,chase.com
121,ameblo.jp
122,cnet.com
123,redtube.com
124,pconline.com.cn
125,directrev.com
126,flickr.com
127,amazon.fr
128,douban.com
129,about.com
130,yelp.com
131,wordpress.org
132,dmm.co.jp
133,ettoday.net
134,walmart.com
135,globo.com
136,bankofamerica.com
137,youporn.com
138,bp.blogspot.com
139,youradexchange.com
140,vimeo.com
141,google.com.pk
142,coccoc.com
143,google.nl
144,etsy.com
145,snapdeal.com
146,naver.jp
147,deviantart.com
148,godaddy.com
149,bbc.com
150,daum.net
151,amazonaws.com
152,themeforest.net
153,bestbuy.com
154,aol.com
155,theguardian.com
156,weather.com
157,zol.com.cn
158,google.com.ar
159,adf.ly
160,amazon.it
161,livejasmin.com
162,life.com.tw
163,salesforce.com
164,google.com.sa
165,twitch.tv
166,forbes.com
167,bycontext.com
168,livejournal.com
169,soundcloud.com
170,loading-delivery1.com
171,wikihow.com
172,slideshare.net
173,wellsfargo.com
174,google.gr
175,stackexchange.com
176,jabong.com
177,google.co.id
178,google.co.za
179,leboncoin.fr
180,blogfa.com
181,feedly.com
182,indeed.com
183,ikea.com
184,quora.com
185,ups.com
186,xcar.com.cn
187,espncricinfo.com
188,target.com
189,china.com.cn
190,ziddu.com
191,theadgateway.com
192,allegro.pl
193,businessinsider.com
194,popads.net
195,w3schools.com
196,pixiv.net
197,mozilla.org
198,onet.pl
199,reference.com
200,google.com.ua
201,torrentz.eu
202,9gag.com
203,mediafire.com
204,files.wordpress.com
205,tubecup.com
206,archive.org
207,wikimedia.org
208,likes.com
209,mailchimp.com
210,tripadvisor.com
211,amazon.es
212,theladbible.com
213,goo.ne.jp
214,usps.com
215,foxnews.com
216,steampowered.com
217,ifeng.com
218,sourceforge.net
219,google.be
220,ndtv.com
221,badoo.com
222,google.co.th
223,zillow.com
224,mystart.com
225,web.de
226,google.com.vn
227,slickdeals.net
228,washingtonpost.com
229,kakaku.com
230,huanqiu.com
231,tianya.cn
232,google.ro
233,skype.com
234,dmm.com
235,ask.fm
236,comcast.net
237,telegraph.co.uk
238,americanexpress.com
239,gmx.net
240,google.com.my
241,secureserver.net
242,bet365.com
243,avg.com
244,mama.cn
245,ign.com
246,force.com
247,akamaihd.net
248,orange.fr
249,gfycat.com
250,steamcommunity.com
251,ppomppu.co.kr
252,gameforge.com
253,answers.com
254,media.tumblr.com
255,google.cn
256,softonic.com
257,google.se
258,newegg.com
259,google.com.co
260,mashable.com
261,reimageplus.com
262,doorblog.jp
263,goodreads.com
264,google.com.ng
265,rediff.com
266,ilividnewtab.com
267,groupon.com
268,stumbleupon.com
269,icicibank.com
270,google.com.sg
271,doublepimp.com
272,google.at
273,wp.pl
274,b5m.com
275,tube8.com
276,rutracker.org
277,chinatimes.com
278,fedex.com
279,abs-cbnnews.com
280,engadget.com
281,zhihu.com
282,caijing.com.cn
283,smzdm.com
284,bild.de
285,pchome.net
286,hdfcbank.com
287,quikr.com
288,rambler.ru
289,amazon.ca
290,google.pt
291,mercadolivre.com.br
292,spiegel.de
293,nfl.com
294,bleacherreport.com
295,t-online.de
296,xuite.net
297,webssearches.com
298,taboola.com
299,weebly.com
300,gizmodo.com
301,hurriyet.com.tr
302,pandora.com
303,shutterstock.com
304,wsj.com
305,gome.com.cn
306,avito.ru
307,what-character-are-you.com
308,homedepot.com
309,seznam.cz
310,youth.cn
311,pclady.com.cn
312,iqiyi.com
313,nih.gov
314,usatoday.com
315,vice.com
316,lifehacker.com
317,webmd.com
318,wix.com
319,hulu.com
320,ebay.in
321,samsung.com
322,hp.com
323,hootsuite.com
324,google.dz
325,extratorrent.cc
326,accuweather.com
327,addthis.com
328,firstmediahub.com
329,speedtest.net
330,kompas.com
331,google.ch
332,ameba.jp
333,macys.com
334,gsmarena.com
335,liveinternet.ru
336,milliyet.com.tr
337,photobucket.com
338,fiverr.com
339,hupu.com
340,39.net
341,dell.com
342,youm7.com
343,adsrvmedia.net
344,wow.com
345,4shared.com
346,microsoftonline.com
347,github.io
348,bilibili.com
349,varzesh3.com
350,retailmenot.com
351,myntra.com
352,mobile01.com
353,google.com.pe
354,google.com.bd
355,udn.com
356,capitalone.com
357,tistory.com
358,spotify.com
359,evernote.com
360,theverge.com
361,babytree.com
362,liputan6.com
363,xda-developers.com
364,att.com
365,omiga-plus.com
366,google.com.ph
367,nba.com
368,techcrunch.com
369,wordreference.com
370,google.no
371,battle.net
372,office.com
373,uploaded.net
374,reuters.com
375,libero.it
376,in.com
377,rt.com
378,disqus.com
379,google.co.hu
380,ebay.com.au
381,rbc.ru
382,google.cz
383,time.com
384,goal.com
385,google.ae
386,hstpnetwork.com
387,moz.com
388,intoday.in
389,rottentomatoes.com
390,aili.com
391,goodgamestudios.com
392,lady8844.com
393,onlinesbi.com
394,hudong.com
395,kaskus.co.id
396,twimg.com
397,stylene.net
398,teepr.com
399,zendesk.com
400,google.ie
401,gap.com
402,codecanyon.net
403,yandex.ua
404,verizonwireless.com
405,olx.in
406,okcupid.com
407,bloomberg.com
408,nordstrom.com
409,google.co.il
410,justdial.com
411,intuit.com
412,googleapis.com
413,trackingclick.net
414,ltn.com.tw
415,sahibinden.com
416,2ch.net
417,free.fr
418,so.com
419,ebay.it
420,thefreedictionary.com
421,csdn.net
422,12306.cn
423,meetup.com
424,trello.com
425,fbcdn.net
426,autohome.com.cn
427,cnzz.com
428,kinopoisk.ru
429,dsrlte.com
430,gmarket.co.kr
431,detik.com
432,staticwebdom.com
433,marca.com
434,bhaskar.com
435,chinaz.com
436,naukri.com
437,ganji.com
438,gamefaqs.com
439,kohls.com
440,eksisozluk.com
441,ero-advertising.com
442,agoda.com
443,expedia.com
444,npr.org
445,bitly.com
446,mackeeper.com
447,styletv.com.cn
448,allrecipes.com
449,repubblica.it
450,google.fi
451,exoclick.com
452,kickstarter.com
453,baomihua.com
454,beeg.com
455,sears.com
456,mbtrx.com
457,faithtap.com
458,citibank.com
459,ehow.com
460,cloudfront.net
461,tmz.com
462,blog.jp
463,hostgator.com
464,doubleclick.com
465,media1first.com
466,jmpdirect01.com
467,livedoor.biz
468,slimspots.com
469,abcnews.go.com
470,oracle.com
471,chaturbate.com
472,scribd.com
473,outlook.com
474,eyny.com
475,popcash.net
476,xe.com
477,mega.co.nz
478,ink361.com
479,gawker.com
480,sex.com
481,woot.com
482,xywy.com
483,lemonde.fr
484,asos.com
485,ci123.com
486,zippyshare.com
487,chip.de
488,elpais.com
489,putlocker.is
490,nbcnews.com
491,php.net
492,nyaa.se
493,eastday.com
494,google.az
495,list-manage.com
496,eonline.com
497,foodnetwork.com
498,google.dk
499,independent.co.uk
500,statcounter.com
501,trulia.com
502,trovi.com
503,kayak.com
504,drseks.com
505,taleo.net
506,shopclues.com
507,bitauto.com
508,tlbb8.com
509,icloud.com
510,pof.com
511,etao.com
512,aparat.com
513,it168.com
514,netdna-cdn.com
515,renren.com
516,youdao.com
517,ce.cn
518,odesk.com
519,lenta.ru
520,playstation.com
521,seesaa.net
522,office365.com
523,mirror.co.uk
524,zing.vn
525,overstock.com
526,urbandictionary.com
527,sberbank.ru
528,hespress.com
529,6pm.com
530,staples.com
531,azlyrics.com
532,elmundo.es
533,liveleak.com
534,chexun.com
535,flirchi.com
536,google.sk
537,trklnks.com
538,subscene.com
539,constantcontact.com
540,xbox.com
541,4dsply.com
542,ucoz.ru
543,corriere.it
544,irctc.co.in
545,youboy.com
546,clien.net
547,mobile.de
548,hotels.com
549,youjizz.com
550,gazeta.pl
551,enet.com.cn
552,wunderground.com
553,fanli.com
554,costco.com
555,kijiji.ca
556,donga.com
557,hatena.ne.jp
558,blogimg.jp
559,udemy.com
560,surveymonkey.com
561,domaintools.com
562,cookmates.com
563,nydailynews.com
564,pcbaby.com.cn
565,youtube-mp3.org
566,ad120m.com
567,elance.com
568,ixxx.com
569,ad6media.fr
570,streamcloud.eu
571,jqw.com
572,nike.com
573,slate.com
574,mixi.jp
575,vnexpress.net
576,eastmoney.com
577,clickyab.com
578,issuu.com
579,java.com
580,aweber.com
581,abril.com.br
582,houzz.com
583,lefigaro.fr
584,bookmyshow.com
585,appledaily.com.tw
586,turboloves.net
587,instructables.com
588,stockstar.com
589,neobux.com
590,sh.st
591,xunlei.com
592,vine.co
593,bhphotovideo.com
594,moneycontrol.com
595,infusionsoft.com
596,clicksvenue.com
597,privatehomeclips.com
598,haosou.com
599,wired.com
600,ancestry.com
601,mercadolibre.com.ar
602,subito.it
603,discovercard.com
604,cpmterra.com
605,glassdoor.com
606,tabelog.com
607,verizon.com
608,hm.com
609,dianping.com
610,warmmovie.com
611,google.cl
612,58.com
613,lenovo.com
614,haber7.com
615,yaolan.com
616,blogspot.jp
617,southwest.com
618,bodybuilding.com
619,topstoreoffers.com
620,shaadi.com
621,32d1d3b9c.se
622,blog.me
623,17ok.com
624,ebay.fr
625,japanpost.jp
626,webtretho.com
627,yoka.com
628,drudgereport.com
629,kooora.com
630,goo.gl
631,rapidgator.net
632,mi.com
633,sakura.ne.jp
634,taringa.net
635,couphit.com
636,ig.com.br
637,lightinthebox.com
638,timeanddate.com
639,haiwainet.cn
640,nifty.com
641,olx.pl
642,pcmag.com
643,kotaku.com
644,lowes.com
645,asana.com
646,cbssports.com
647,rednet.cn
648,histats.com
649,yts.re
650,r10.net
651,makemytrip.com
652,oldpiratebay.org
653,priceline.com
654,hardsextube.com
655,ero-video.net
656,onlylady.com
657,nypost.com
658,paytm.com
659,ad124m.com
660,adplxmd.com
661,suning.com
662,latimes.com
663,people.com
664,sabq.org
665,zoho.com
666,livescore.com
667,primewire.ag
668,fidelity.com
669,squarespace.com
670,pcgames.com.cn
671,asus.com
672,ashleyrnadison.com
673,roblox.com
674,soku.com
675,jrj.com.cn
676,sbnation.com
677,jimdo.com
678,adultfriendfinder.com
679,11st.co.kr
680,filmon.com
681,inclk.com
682,zara.com
683,tagged.com
684,voc.com.cn
685,almasryalyoum.com
686,twoo.com
687,zappos.com
688,disney.go.com
689,custhelp.com
690,onedio.com
691,swagbucks.com
692,bluehost.com
693,behance.net
694,rd-direct.com
695,digg.com
696,workercn.cn
697,cracked.com
698,lazada.co.id
699,williamhill.com
700,interia.pl
701,freelotto.com
702,tomshardware.com
703,atwiki.jp
704,bestadbid.com
705,kouclo.com
706,airbnb.com
707,movie4k.to
708,e-hentai.org
709,airtel.in
710,ca.gov
711,shopify.com
712,4chan.org
713,marketwatch.com
714,nandu.com
715,backpage.com
716,nate.com
717,torcache.net
718,cdiscount.com
719,so-net.ne.jp
720,gutefrage.net
721,kdnet.net
722,thepiratebay.se
723,online.sh.cn
724,siteadvisor.com
725,blogspot.com.tr
726,dailycooking.com
727,savefrom.net
728,milanuncios.com
729,io9.com
730,comcast.com
731,facenama.com
732,sky.com
733,filehippo.com
734,medium.com
735,speedanalysis.net
736,nbcsports.com
737,usmagazine.com
738,cnblogs.com
739,popmog.com
740,anitube.se
741,gamepedia.com
742,adp.com
743,realtor.com
744,google.co.nz
745,entrepreneur.com
746,kinogo.net
747,yhd.com
748,impress.co.jp
749,fandango.com
750,united.com
751,cnbc.com
752,porn.com
753,gigacircle.com
754,commentcamarche.net
755,vipcpms.com
756,semrush.com
757,mihanblog.com
758,chron.com
759,ccb.com
760,sonyentertainmentnetwork.com
761,drtuber.com
762,mint.com
763,match.com
764,mynet.com
765,wada.vn
766,cookpad.com
767,ted.com
768,wiktionary.org
769,leagueoflegends.com
770,wowhead.com
771,el-balad.com
772,wetransfer.com
773,iminent.com
774,citenkomedia.com
775,indianrail.gov.in
776,acfun.tv
777,ampclicks.com
778,mercadolibre.com.mx
779,thehindu.com
780,ashleymadison.com
781,friv.com
782,android.com
783,media-fire.org
784,box.com
785,v1.cn
786,argos.co.uk
787,safehomepage.com
788,prntscr.com
789,duckduckgo.com
790,tnaflix.com
791,rutor.org
792,zergnet.com
793,pinimg.com
794,babycenter.com
795,shareasale.com
796,letv.com
797,digikala.com
798,ebates.com
799,momoshop.com.tw
800,hubspot.com
801,gamestop.com
802,folha.uol.com.br
803,coupons.com
804,news.com.au
805,starbaby.cn
806,m-w.com
807,fitbit.com
808,yesky.com
809,pchome.com.tw
810,terra.com.br
811,freepik.com
812,india.com
813,sfr.fr
814,barnesandnoble.com
815,virgilio.it
816,biglobe.ne.jp
817,warriorforum.com
818,nhl.com
819,delta-homes.com
820,default-search.net
821,oyunskor.com
822,myfreecams.com
823,ria.ru
824,albawabhnews.com
825,sfgate.com
826,k618.cn
827,altervista.org
828,cliponyu.com
829,free-tv-video-online.me
830,viralnova.com
831,yourlust.com
832,deadspin.com
833,tinyurl.com
834,wikiwiki.jp
835,lockerdome.com
836,cbslocal.com
837,focus.de
838,vetogate.com
839,t-mobile.com
840,wav.tv
841,pch.com
842,nikkei.com
843,mystartsearch.com
844,saramin.co.kr
845,efix.com
846,basecamp.com
847,yandex.com.tr
848,conduit.com
849,blogspot.de
850,adk2.net
851,billdesk.com
852,google.co.ve
853,myfitnesspal.com
854,novinky.cz
855,exblog.jp
856,bongacams.com
857,ticketmaster.com
858,126.com
859,ewt.cc
860,motherless.com
861,walgreens.com
862,androidcentral.com
863,mtv.com
864,couprbi.com
865,nhk.or.jp
866,9gag.tv
867,weblio.jp
868,delta.com
869,hubpages.com
870,ruten.com.tw
871,wonderlandads.com
872,zulily.com
873,gamespot.com
874,farsnews.com
875,battlefield.com
876,allocine.fr
877,livestrong.com
878,w3.org
879,bloglovin.com
880,google.lk
881,informer.com
882,google.rs
883,jezebel.com
884,irs.gov
885,persianblog.ir
886,gyazo.com
887,toysrus.com
888,pog.com
889,solarmovie.is
890,auction.co.kr
891,prothom-alo.com
892,thedailybeast.com
893,playerme.org
894,liveperson.net
895,huaban.com
896,tesco.com
897,4399.com
898,coursera.org
899,superuser.com
900,junbi-tracker.com
901,scoop.it
902,academia.edu
903,eventbrite.com
904,24h.com.vn
905,ultimate-guitar.com
906,typepad.com
907,dangdang.com
908,google.hr
909,dreamstime.com
910,fool.com
911,mbc.net
912,microsoftstore.com
913,vk.me
914,slrclub.com
915,accountonline.com
916,geocities.jp
917,usaa.com
918,iflscience.com
919,thekitchn.com
920,ew.com
921,euromillionairesystem.me
922,indiamart.com
923,ea.com
924,imagebam.com
925,bidvertiser.com
926,chinabyte.com
927,premierleague.com
928,mit.edu
929,aa.com
930,elitedaily.com
931,yodobashi.com
932,as.com
933,habrahabr.ru
934,usbank.com
935,himado.in
936,baixeme.net
937,acesse.com
938,mayoclinic.org
939,donanimhaber.com
940,www.gov.uk
941,ibm.com
942,givemesport.com
943,echo.msk.ru
944,jcpenney.com
945,videomega.tv
946,ibtimes.com
947,rightmove.co.uk
948,sporx.com
949,forever21.com
950,popsugar.com
951,monster.com
952,stafaband.info
953,firstpost.com
954,rakuten.ne.jp
955,meituan.com
956,cam4.com
957,foursquare.com
958,mackolik.com
959,playbuzz.com
960,chefkoch.de
961,yam.com
962,americanas.com.br
963,to8to.com
964,yellowpages.com
965,plarium.com
966,lego.com
967,bt.com
968,caixa.gov.br
969,123rf.com
970,nationalgeographic.com
971,asahi.com
972,vi-view.com
973,sapo.pt
974,ringring.vn
975,bioyun.com
976,souq.com
977,dx.com
978,sephora.com
979,pagesjaunes.fr
980,suara.com
981,cbsnews.com
982,techradar.com
983,cnbeta.com
984,bedbathandbeyond.com
985,immobilienscout24.de
986,iconosquare.com
987,ensonhaber.com
988,gittigidiyor.com
989,spankwire.com
990,makeuseof.com
991,camdolls.com
992,lanacion.com.ar
993,fmdwbsfxf0.com
994,mydrivers.com
995,cloud-trax.com
996,315che.com
997,worldstarhiphop.com
998,sulekha.com
999,slack.com
1000,reverso.net
1001,189.cn
1002,blackhatworld.com
1003,sahadan.com
1004,inquisitr.com
1005,21cn.com
1006,change.org
1007,howtogeek.com
1008,feng.com
1009,abplive.in
1010,hdzog.com
1011,deezer.com
1012,stanford.edu
1013,video-one.com
1014,gumtree.com
1015,gumtree.com.au
1016,cnmo.com
1017,torrentz.com
1018,weather.gov
1019,reallifecam.com
1020,theatlantic.com
1021,2ch-c.net
1022,2chblog.jp
1023,intel.com
1024,digitaltrends.com
1025,gismeteo.ru
1026,theblaze.com
1027,olx.ua
1028,ebay.ca
1029,rollingstone.com
1030,weheartit.com
1031,ldblog.jp
1032,getpocket.com
1033,6park.com
1034,upworthy.com
1035,usagc.org
1036,tutsplus.com
1037,gazeta.ru
1038,internethaber.com
1039,blomaga.jp
1040,cbc.ca
1041,mydala.com
1042,indianexpress.com
1043,rarbg.com
1044,walmart.com.br
1045,istockphoto.com
1046,wayfair.com
1047,shutterfly.com
1048,webmoney.ru
1049,tubexclips.com
1050,uniqlo.com
1051,fanfiction.net
1052,2345.com
1053,aeriagames.com
1054,klikbca.com
1055,wetter.com
1056,dafont.com
1057,images-amazon.com
1058,mangahere.co
1059,cisco.com
1060,babylon.com
1061,leadpages.net
1062,whitepages.com
1063,clipconverter.cc
1064,eenadu.net
1065,emgn.com
1066,marktplaats.nl
1067,adme.ru
1068,starbucks.com
1069,olx.co.id
1070,jagran.com
1071,nownews.com
1072,itmedia.co.jp
1073,fh21.com.cn
1074,idnes.cz
1075,sweet-page.com
1076,westernjournalism.com
1077,watchseries.lt
1078,netshoes.com.br
1079,tribunnews.com
1080,miniclip.com
1081,rakuten.com
1082,dpreview.com
1083,smh.com.au
1084,yomiuri.co.jp
1085,olx.com.br
1086,sciencedirect.com
1087,idealo.de
1088,audible.com
1089,mynavi.jp
1090,miniinthebox.com
1091,jobrapido.com
1092,kmart.com
1093,envato.com
1094,blogspot.ru
1095,vgsgaming-ads.com
1096,v9.com
1097,52pk.net
1098,kinox.to
1099,114la.com
1100,gamer.com.tw
1101,salon.com
1102,ukr.net
1103,hindustantimes.com
1104,jquery.com
1105,wattpad.com
1106,nasa.gov
1107,brainyquote.com
1108,final.ir
1109,wiocha.pl
1110,clarin.com
1111,food.com
1112,boredpanda.com
1113,google.com.ec
1114,programme-tv.net
1115,aftonbladet.se
1116,ozon.ru
1117,inc.com
1118,narod.ru
1119,marriott.com
1120,junglee.com
1121,xing.com
1122,douyutv.com
1123,tripadvisor.co.uk
1124,get-a-fuck-tonight.com
1125,lequipe.fr
1126,europa.eu
1127,beytoote.com
1128,victoriassecret.com
1129,investopedia.com
1130,excite.co.jp
1131,pixlr.com
1132,opensubtitles.org
1133,freelancer.com
1134,who.is
1135,megafilmeshd.net
1136,zedo.com
1137,ocn.ne.jp
1138,filmweb.pl
1139,tabnak.ir
1140,cooleas.com
1141,keezmovies.com
1142,xtube.com
1143,webcrawler.com
1144,ning.com
1145,businessweek.com
1146,atlassian.net
1147,yadi.sk
1148,ebay.es
1149,stamplive.com
1150,over-blog.com
1151,apache.org
1152,haberturk.com
1153,getresponse.com
1154,ad127m.com
1155,clickbank.com
1156,linkbucks.com
1157,clixsense.com
1158,turbobit.net
1159,cbs.com
1160,tutorialspoint.com
1161,zomato.com
1162,adnxs.com
1163,vg.no
1164,gnavi.co.jp
1165,macrumors.com
1166,itau.com.br
1167,gilt.com
1168,google.lt
1169,shaparak.ir
1170,tripadvisor.in
1171,bufferapp.com
1172,complex.com
1173,buscape.com.br
1174,today.com
1175,jeuxvideo.com
1176,o2.pl
1177,getbootstrap.com
1178,windowsphone.com
1179,gazzetta.it
1180,discuss.com.hk
1181,google.com.do
1182,zovi.com
1183,joomla.org
1184,nudevista.com
1185,wargaming.net
1186,dubizzle.com
1187,credit-agricole.fr
1188,alarabiya.net
1189,netteller.com
1190,hilton.com
1191,nuvid.com
1192,dhl.de
1193,yahoo-mbga.jp
1194,abc.es
1195,dropboxusercontent.com
1196,22find.com
1197,howstuffworks.com
1198,sprtkw.com
1199,bankmellat.ir
1200,infobae.com
1201,linternaute.com
1202,telegraaf.nl
1203,usnews.com
1204,104.com.tw
1205,jalopnik.com
1206,y8.com
1207,nocookie.net
1208,lifebuzz.com
1209,pole-emploi.fr
1210,tomsguide.com
1211,axisbank.com
1212,super.cz
1213,otto.de
1214,mpnrs.com
1215,skysports.com
1216,kioskea.net
1217,xiami.com
1218,sfglobe.com
1219,isohunt.to
1220,pbs.org
1221,orbitz.com
1222,vente-privee.com
1223,all-free-download.com
1224,norton.com
1225,viva.co.id
1226,nouvelobs.com
1227,vesti.ru
1228,vidvib.com
1229,topix.com
1230,pantip.com
1231,arstechnica.com
1232,picofile.com
1233,homeway.com.cn
1234,bandcamp.com
1235,heise.de
1236,20minutes.fr
1237,thechive.com
1238,correios.com.br
1239,nymag.com
1240,zimbio.com
1241,carview.co.jp
1242,harvard.edu
1243,discogs.com
1244,linkwithin.com
1245,mediaset.it
1246,postimg.org
1247,chinanews.com
1248,niuche.com
1249,pcworld.com
1250,rtl.de
1251,elwatannews.com
1252,zozo.jp
1253,kongregate.com
1254,elegantthemes.com
1255,ly.net
1256,ulmart.ru
1257,investing.com
1258,cocolog-nifty.com
1259,360doc.com
1260,rackcdn.com
1261,lacaixa.es
1262,websta.me
1263,rei.com
1264,ytimg.com
1265,fatwallet.com
1266,metacritic.com
1267,phonearena.com
1268,mangafox.me
1269,welt.de
1270,searchengineland.com
1271,garanti.com.tr
1272,abc.net.au
1273,4pda.ru
1274,keepvid.com
1275,google.bg
1276,nu.nl
1277,pcanalysis.net
1278,fashion-method.com
1279,fnac.com
1280,piriform.com
1281,iciba.com
1282,ilmeteo.it
1283,lynda.com
1284,kizi.com
1285,ptt.cc
1286,500px.com
1287,ishort.co
1288,sprint.com
1289,staticflickr.com
1290,lotour.com
1291,todayhumor.co.kr
1292,gemius.pl
1293,vporn.com
1294,paidverts.com
1295,creditkarma.com
1296,globososo.com
1297,adultadworld.com
1298,85dcf732d593.se
1299,legacy.com
1300,metrolyrics.com
1301,fbsbx.com
1302,vox.com
1303,indiegogo.com
1304,sape.ru
1305,parisexe.com
1306,ryanair.com
1307,garmin.com
1308,labanquepostale.fr
1309,zeroredirect1.com
1310,askubuntu.com
1311,tigerdirect.com
1312,thisav.com
1313,hepsiburada.com
1314,ahrefs.com
1315,sozcu.com.tr
1316,capitalone360.com
1317,chiphell.com
1318,smartshopping.com
1319,oneindia.com
1320,last.fm
1321,jw.org
1322,adxcore.com
1323,yaplakal.com
1324,leparisien.fr
1325,vcommission.com
1326,panet.co.il
1327,livingsocial.com
1328,r2games.com
1329,chekb.com
1330,zone-telechargement.com
1331,gaana.com
1332,interpark.com
1333,state.gov
1334,discover.com
1335,citibank.co.in
1336,crunchyroll.com
1337,porntube.com
1338,imagefap.com
1339,graphicriver.net
1340,opentable.com
1341,cvs.com
1342,fotostrana.ru
1343,polyvore.com
1344,pnc.com
1345,tinypic.com
1346,lg.com
1347,webex.com
1348,ynet.co.il
1349,jin115.com
1350,chosun.com
1351,elfagr.org
1352,myanimelist.net
1353,digitalocean.com
1354,dict.cc
1355,td.com
1356,kuronekoyamato.co.jp
1357,gopixpic.com
1358,mlb.com
1359,bitecharge.com
1360,autoscout24.de
1361,mbank.com.pl
1362,sitepoint.com
1363,fang.com
1364,jcrew.com
1365,qidian.com
1366,vip.com
1367,tvguide.com
1368,trovigo.com
1369,qunar.com
1370,sponichi.co.jp
1371,gumtree.co.za
1372,docin.com
1373,ctrip.com
1374,hatenablog.com
1375,ad131m.com
1376,seasonvar.ru
1377,autotrader.com
1378,dhgate.com
1379,economist.com
1380,biblegateway.com
1381,hamariweb.com
1382,hongkiat.com
1383,fotolia.com
1384,royalbank.com
1385,sabah.com.tr
1386,vprgpt.com
1387,bizjournals.com
1388,jia.com
1389,bahn.de
1390,mail.com
1391,tgbus.com
1392,merdeka.com
1393,codeproject.com
1394,newyorker.com
1395,cmbchina.com
1396,ifilez.org
1397,namecheap.com
1398,a5cee7.se
1399,vsuch.com
1400,n11.com
1401,lloydsbank.co.uk
1402,wp.com
1403,nnm-club.me
1404,zougla.gr
1405,xcams.com
1406,dribbble.com
1407,city-data.com
1408,picmonkey.com
1409,list-manage1.com
1410,google.si
1411,cloudtracked.com
1412,bomnegocio.com
1413,115.com
1414,bankrate.com
1415,refinery29.com
1416,admngronline.com
1417,chicagotribune.com
1418,fastpic.ru
1419,ad4game.com
1420,ubuntu.com
1421,redfin.com
1422,gigazine.net
1423,addmefast.com
1424,rozblog.com
1425,kbb.com
1426,jsfiddle.net
1427,say-move.org
1428,mediaplex.com
1429,zopim.com
1430,billboard.com
1431,flirt4free.com
1432,slashdot.org
1433,nikkeibp.co.jp
1434,gamersky.com
1435,bukalapak.com
1436,kimiss.com
1437,tunein.com
1438,delta-search.com
1439,pixabay.com
1440,softpedia.com
1441,grooveshark.com
1442,radikal.com.tr
1443,nosub.tv
1444,republika.co.id
1445,searchengines.guru
1446,webs.com
1447,infoseek.co.jp
1448,cars.com
1449,orf.at
1450,thenextweb.com
1451,imobile.com.cn
1452,auto.ru
1453,finn.no
1454,google.com.kw
1455,craigslist.ca
1456,cc.com
1457,seekingalpha.com
1458,submarino.com.br
1459,blogspot.tw
1460,mgid.com
1461,nextmedia.com
1462,fishki.net
1463,pastebin.com
1464,dhl.com
1465,officedepot.com
1466,schwab.com
1467,mapquest.com
1468,foxsports.com
1469,wiley.com
1470,kompasiana.com
1471,padsdel.com
1472,cricbuzz.com
1473,crunchbase.com
1474,nairaland.com
1475,bdnews24.com
1476,johnlewis.com
1477,google.by
1478,noaa.gov
1479,dw.de
1480,adtech.info
1481,wpmudev.org
1482,uptobox.com
1483,cdstm.cn
1484,fhserve.com
1485,hollywoodreporter.com
1486,haberler.com
1487,kp.ru
1488,fanduel.com
1489,blog.com
1490,azet.sk
1491,4cdn.org
1492,cloudflare.com
1493,tsite.jp
1494,mydomainadvisor.com
1495,bitbucket.org
1496,flightradar24.com
1497,mtime.com
1498,traidnt.net
1499,samsclub.com
1500,zhaopin.com
1501,blackboard.com
1502,pornsharing.com
1503,drugs.com
1504,888casino.com
1505,researchgate.net
1506,hgtv.com
1507,humblebundle.com
1508,amarujala.com
1509,zazzle.com
1510,dantri.com.vn
1511,s2d6.com
1512,qvc.com
1513,templatemonster.com
1514,daily.co.jp
1515,longhoo.net
1516,brassring.com
1517,lumosity.com
1518,cheezburger.com
1519,voyeurhit.com
1520,redbox.com
1521,zalando.de
1522,1und1.de
1523,akhbarak.net
1524,archiveofourown.org
1525,gofundme.com
1526,postbank.de
1527,nikkansports.com
1528,smallseotools.com
1529,pingdom.com
1530,gtmetrix.com
1531,mic.com
1532,esuteru.com
1533,onlinecreditcenter6.com
1534,edmunds.com
1535,zdnet.com
1536,way2sms.com
1537,zwaar.net
1538,game321.com
1539,vodoumedia.com
1540,myspace.com
1541,mylust.com
1542,hsbc.co.uk
1543,drom.ru
1544,xkcd.com
1545,caixin.com
1546,ngacn.cc
1547,delicious.com
1548,3dmgame.com
1549,cleartrip.com
1550,ceneo.pl
1551,cloob.com
1552,careerbuilder.com
1553,filesoup.com
1554,axisbank.co.in
1555,178.com
1556,uploadable.ch
1557,serverfault.com
1558,gstatic.com
1559,servingspot.com
1560,dlsite.com
1561,baiducontent.com
1562,hotukdeals.com
1563,iherb.com
1564,avito.ma
1565,alohatube.com
1566,mcafee.com
1567,mangareader.net
1568,blogspot.kr
1569,konga.com
1570,cityadspix.com
1571,poste.it
1572,sueddeutsche.de
1573,yjc.ir
1574,virginmedia.com
1575,xsrving.com
1576,dropbooks.tv
1577,okezone.com
1578,sanook.com
1579,alfalfalfa.com
1580,hh.ru
1581,commbank.com.au
1582,ycombinator.com
1583,p5w.net
1584,sakshi.com
1585,venturebeat.com
1586,genius.com
1587,otomoto.pl
1588,qianlong.com
1589,examiner.com
1590,pornmd.com
1591,sharelive.net
1592,urbanoutfitters.com
1593,brazzers.com
1594,pogo.com
1595,uproxx.com
1596,banki.ru
1597,citrixonline.com
1598,sony.jp
1599,grantland.com
1600,popupads.ir
1601,mysql.com
1602,springer.com
1603,linio.com.mx
1604,whois.com
1605,iza.ne.jp
1606,1337x.to
1607,internetdownloadmanager.com
1608,realsimple.com
1609,zeit.de
1610,zhibo8.cc
1611,jalan.net
1612,leo.org
1613,torrentfreak.com
1614,fatakat.com
1615,vodlocker.com
1616,videodownloadconverter.com
1617,aliyun.com
1618,h2porn.com
1619,ed.gov
1620,toptenreviews.com
1621,ecnavi.jp
1622,a10.com
1623,etorrent.co.kr
1624,blocket.se
1625,sony.com
1626,airasia.com
1627,emol.com
1628,teamviewer.com
1629,trend.az
1630,vmall.com
1631,national-lottery.co.uk
1632,ft.com
1633,spankbang.com
1634,dealnews.com
1635,barclaycardus.com
1636,dagbladet.no
1637,priceminister.com
1638,banggood.com
1639,sierratradingpost.com
1640,ustream.tv
1641,censor.net.ua
1642,clkoffers.com
1643,asriran.com
1644,wmtransfer.com
1645,aljazeera.com
1646,inspsearch.com
1647,xvideo-jp.com
1648,similarweb.com
1649,oneplus.net
1650,trkur.com
1651,1digitalstock.com
1652,tickld.com
1653,smi2.ru
1654,clip.vn
1655,danawa.com
1656,thoughtcatalog.com
1657,startimes.com
1658,nexusmods.com
1659,douguo.com
1660,tvn24.pl
1661,about.me
1662,bustle.com
1663,cj.com
1664,vrbo.com
1665,oschina.net
1666,r7.com
1667,linkeyproject.com
1668,ad123m.com
1669,manoramaonline.com
1670,babal.net
1671,lun.com
1672,porn69.org
1673,telegraf.com.ua
1674,adshostnet.com
1675,avira.com
1676,kinozal.tv
1677,lexpress.fr
1678,criteo.com
1679,akhbarelyom.com
1680,computerbild.de
1681,depositphotos.com
1682,perezhilton.com
1683,uludagsozluk.com
1684,dickssportinggoods.com
1685,dailydot.com
1686,intentmedia.net
1687,prezi.com
1688,frys.com
1689,tut.by
1690,egou.com
1691,hotpepper.jp
1692,gazetaexpress.com
1693,peyvandha.ir
1694,thepiratebay.cr
1695,rozetka.com.ua
1696,nowvideo.sx
1697,firstfirst.net
1698,inquirer.net
1699,woorank.com
1700,dmv.org
1701,aizhan.com
1702,blogsky.com
1703,yandex.by
1704,gulfup.com
1705,esporte.uol.com.br
1706,theweathernetwork.com
1707,earthlink.net
1708,ascii.jp
1709,giphy.com
1710,boc.cn
1711,css-tricks.com
1712,cosmopolitan.com
1713,fanpage.it
1714,mysmartprice.com
1715,unity3d.com
1716,duolingo.com
1717,berkeley.edu
1718,fanpop.com
1719,tune.pk
1720,ouedkniss.com
1721,alaan.tv
1722,inven.co.kr
1723,gogetlinks.net
1724,fanhuan.com
1725,codepen.io
1726,dcinside.com
1727,jugem.jp
1728,drive2.ru
1729,pravda.com.ua
1730,littlethings.com
1731,yiqifa.com
1732,canva.com
1733,panasonic.jp
1734,segundamano.es
1735,gumtree.pl
1736,17track.net
1737,jumia.com.ng
1738,pikabu.ru
1739,politico.com
1740,meishichina.com
1741,t411.me
1742,51cto.com
1743,cpasbien.pe
1744,amung.us
1745,noticias.uol.com.br
1746,indiaproperty.com
1747,joins.com
1748,mvideo.ru
1749,telegrafi.com
1750,wemakeprice.com
1751,ranker.com
1752,lonelyplanet.com
1753,woothemes.com
1754,pcfaster.com
1755,alfabank.ru
1756,filmibeat.com
1757,17173.com
1758,tahrirnews.com
1759,bmi.ir
1760,duowan.com
1761,dorkly.com
1762,buzzfil.com
1763,qz.com
1764,boston.com
1765,easyjet.com
1766,teknoter.com
1767,iltalehti.fi
1768,banglanews24.com
1769,bab.la
1770,sp.gov.br
1771,streamnowmovies.com
1772,vanguard.com
1773,freepornvs.com
1774,screencast.com
1775,timewarnercable.com
1776,bet365.es
1777,shine.com
1778,shopstyle.com
1779,bradesco.com.br
1780,eztv.it
1781,tokopedia.com
1782,cda.pl
1783,hi5.com
1784,pr-cy.ru
1785,bangmygfs.com
1786,liveadoptimizer.com
1787,chess.com
1788,katproxy.com
1789,xhamstercams.com
1790,berniaga.com
1791,shahrekhabar.com
1792,google.lv
1793,sankei.com
1794,codecademy.com
1795,urbanspoon.com
1796,espnfc.com
1797,mashreghnews.ir
1798,plurk.com
1799,tebyan.net
1800,upsocl.com
1801,ppstream.com
1802,vistaprint.com
1803,marmiton.org
1804,dostor.org
1805,ticketmonster.co.kr
1806,tubeplus.me
1807,n-mobile.net
1808,ucoz.com
1809,istartsurf.com
1810,instructure.com
1811,logitech.com
1812,softwareupdaterlp.com
1813,alphaporno.com
1814,wmaraci.com
1815,getupdatesnow.com
1816,angel.co
1817,tiscali.it
1818,forgeofempires.com
1819,citi.com
1820,yr.no
1821,polo.com
1822,emirates.com
1823,20minutos.es
1824,goibibo.com
1825,wpbeginner.com
1826,5278.cc
1827,pcgamer.com
1828,rackspace.com
1829,binaryprofessional.com
1830,okwave.jp
1831,elcomercio.pe
1832,allabout.co.jp
1833,realestate.com.au
1834,abc.go.com
1835,greatandhra.com
1836,51job.com
1837,bayt.com
1838,alluc.com
1839,ilfattoquotidiano.it
1840,liberation.fr
1841,lifenews.ru
1842,mufg.jp
1843,masrawy.com
1844,bravotube.net
1845,alimama.com
1846,airtel.com
1847,faz.net
1848,elconfidencial.com
1849,ex.ua
1850,serving-sys.com
1851,wwe.com
1852,ggpht.com
1853,eluniversal.com.mx
1854,bloomingdales.com
1855,autoblog.com
1856,autotrader.co.uk
1857,dawn.com
1858,quizlet.com
1859,sootoo.com
1860,puu.sh
1861,com-annualsurvey.info
1862,mainichi.jp
1863,consumerreports.org
1864,vatanim.com.tr
1865,ibtimes.co.uk
1866,moviepilot.com
1867,starwoodhotels.com
1868,bookryanair.com
1869,newsnow.co.uk
1870,baihe.com
1871,fdrmx.com
1872,bbb.org
1873,francetvinfo.fr
1874,offpageads.com
1875,cinemablend.com
1876,dmoz.org
1877,shop-pro.jp
1878,alaraby.co.uk
1879,telekom.com
1880,bestblackhatforum.com
1881,tv.com
1882,nrk.no
1883,line.me
1884,ilbe.com
1885,ubi.com
1886,caisse-epargne.fr
1887,santander.co.uk
1888,willhaben.at
1889,adrotator.se
1890,uber.com
1891,metro.co.uk
1892,timeout.com
1893,ny.gov
1894,tsu.co
1895,familydoctor.com.cn
1896,imgchili.net
1897,elcorteingles.es
1898,syosetu.com
1899,britishairways.com
1900,4tube.com
1901,index.hu
1902,breitbart.com
1903,duba.com
1904,askmen.com
1905,newsmth.net
1906,indeed.co.in
1907,southcn.com
1908,ravelry.com
1909,ksl.com
1910,nipic.com
1911,pornolab.net
1912,skyscanner.net
1913,epicurious.com
1914,voyages-sncf.com
1915,jiameng.com
1916,skyrock.com
1917,ijreview.com
1918,10086.cn
1919,icims.com
1920,guokr.com
1921,miui.com
1922,imagetwist.com
1923,cabelas.com
1924,1and1.com
1925,pcauto.com.cn
1926,directv.com
1927,starsports.com
1928,apa.az
1929,ck101.com
1930,cb01.tv
1931,llbean.com
1932,rockstargames.com
1933,27.cn
1934,desi-tashan.com
1935,reclameaqui.com.br
1936,kissanime.com
1937,yatra.com
1938,wunderlist.com
1939,fengyunzhibo.com
1940,enha.kr
1941,hizliizlefilm.net
1942,wildberries.ru
1943,gravatar.com
1944,trademe.co.nz
1945,pudelek.pl
1946,bigcartel.com
1947,doodle.com
1948,camster.com
1949,freegameszonetab.com
1950,payu.in
1951,avclub.com
1952,zoosk.com
1953,hypergames.net
1954,99acres.com
1955,megogo.net
1956,mp3skull.com
1957,unicredit.it
1958,khanacademy.org
1959,thelisticles.net
1960,apartmenttherapy.com
1961,skroutz.gr
1962,variety.com
1963,diigo.com
1964,camplace.com
1965,jacquielawson.com
1966,telecomitalia.it
1967,shop.com
1968,neogaf.com
1969,rutube.ru
1970,meb.gov.tr
1971,bgr.com
1972,unibet.com
1973,gotomeeting.com
1974,kenh14.vn
1975,anysex.com
1976,stubhub.com
1977,tf1.fr
1978,8tracks.com
1979,serviporno.com
1980,adscale.de
1981,xvideos-field5.com
1982,videostripe.com
1983,prestashop.com
1984,google.kz
1985,hellou.co.uk
1986,eroprofile.com
1987,jpnn.com
1988,scoopwhoop.com
1989,zeobit.com
1990,jb51.net
1991,ihg.com
1992,vulture.com
1993,dummies.com
1994,twipple.jp
1995,stern.de
1996,extra.com.br
1997,nintendo.com
1998,vm-corporate.com
1999,ehowenespanol.com
2000,egrana.com.br
2001,skycn.com
2002,inmotionhosting.com
2003,bestones.net
2004,tusfiles.net
2005,fetlife.com
2006,unblocked.pw
2007,kinja.com
2008,pornoxo.com
2009,newsru.com
2010,meteofrance.com
2011,health.com
2012,adk2.com
2013,wykop.pl
2014,medicinenet.com
2015,iconfinder.com
2016,deadline.com
2017,247sports.com
2018,onlinedown.net
2019,dailykos.com
2020,shufoo.net
2021,fastcompany.com
2022,protothema.gr
2023,samanyoluhaber.com
2024,oasgames.com
2025,chomikuj.pl
2026,cy-pr.com
2027,freeones.com
2028,theonion.com
2029,blic.rs
2030,khabaronline.ir
2031,techtudo.com.br
2032,sinaimg.cn
2033,viadeo.com
2034,citilink.ru
2035,business-standard.com
2036,akairan.com
2037,manta.com
2038,homeaway.com
2039,buzzhand.com
2040,timesjobs.com
2041,kaspersky.com
2042,break.com
2043,yallakora.com
2044,estadao.com.br
2045,toranoana.jp
2046,neimanmarcus.com
2047,fashionandyou.com
2048,aljaras.com
2049,i.ua
2050,avast.com
2051,xlovecam.com
2052,eazel.com
2053,armorgames.com
2054,kienthuc.net.vn
2055,torchbrowser.com
2056,ing.nl
2057,lepoint.fr
2058,barclays.co.uk
2059,quicksprout.com
2060,2ch.sc
2061,rakuten-card.co.jp
2062,knowyourmeme.com
2063,yixun.com
2064,imagevenue.com
2065,currys.co.uk
2066,biztok.pl
2067,echoroukonline.com
2068,zoopla.co.uk
2069,tdbank.com
2070,naij.com
2071,sznews.com
2072,filmesonlinegratis.net
2073,zerohedge.com
2074,kapanlagi.com
2075,letras.mus.br
2076,drupal.org
2077,nguyentandung.org
2078,fortune.com
2079,shopbop.com
2080,aarp.org
2081,mangapanda.com
2082,theglobeandmail.com
2083,vmware.com
2084,soccerway.com
2085,aastocks.com
2086,targetingadvertiser.com
2087,porndig.com
2088,evite.com
2089,cityheaven.net
2090,rtve.es
2091,bizrate.com
2092,hotwire.com
2093,lapatilla.com
2094,nbc.com
2095,freshbooks.com
2096,searchenginejournal.com
2097,pcpop.com
2098,crobo.com
2099,magicbricks.com
2100,adsmktng.net
2101,collegehumor.com
2102,iltasanomat.fi
2103,fanatik.com.tr
2104,fnb.co.za
2105,aucfan.com
2106,huffingtonpost.co.uk
2107,sportsdirect.com
2108,wetteronline.de
2109,blackberry.com
2110,businessweekly.com.tw
2111,qualtrics.com
2112,shopathome.com
2113,bol.com
2114,aljazeera.net
2115,himasoku.com
2116,fullonlinefilmizle.com
2117,polygon.com
2118,moba-stream.com
2119,chinabroadcast.cn
2120,origin.com
2121,magentocommerce.com
2122,dealmoon.com
2123,appbank.net
2124,ipage.com
2125,myhabit.com
2126,filmifullizle.com
2127,ashemaletube.com
2128,yenisafak.com.tr
2129,umich.edu
2130,funnyjunk.com
2131,greatergood.com
2132,strtpoint.com
2133,drugstore.com
2134,1tv.ru
2135,ya.ru
2136,ezinearticles.com
2137,ae.com
2138,vagalume.com.br
2139,playboy.com
2140,cpanel.net
2141,thinkgeek.com
2142,blekko.com
2143,dnaindia.com
2144,patheos.com
2145,wenxuecity.com
2146,alexa.com
2147,creativebloq.com
2148,mediamarkt.de
2149,bb.com.br
2150,topsecure24.com
2151,laredoute.fr
2152,google.co.ma
2153,qqbaobao.com
2154,columbia.edu
2155,kijiji.it
2156,ibtimes.co.in
2157,wimp.com
2158,hugedomains.com
2159,365jia.cn
2160,chinaso.com
2161,copyscape.com
2162,coupondunia.in
2163,lifehack.org
2164,stargames.at
2165,pcadvisor.co.uk
2166,flippa.com
2167,sonymobile.com
2168,dailybasis.com
2169,tukif.com
2170,fiducia.de
2171,indeed.co.uk
2172,privatbank.ua
2173,resellerclub.com
2174,n-tv.de
2175,netsuite.com
2176,boursorama.com
2177,vodafone.in
2178,jvzoo.com
2179,cnnamador.com
2180,gymplan.com
2181,cnki.net
2182,imageshack.com
2183,keywordblocks.com
2184,editor.wix.com
2185,halifax-online.co.uk
2186,zaman.com.tr
2187,freejobalert.com
2188,g2g.fm
2189,01net.com
2190,moneysavingexpert.com
2191,sunporno.com
2192,next.co.uk
2193,marksandspencer.com
2194,hotelurbano.com
2195,plex.tv
2196,strava.com
2197,asg.to
2198,smashingmagazine.com
2199,google.com.af
2200,kicker.de
2201,emuch.net
2202,ccavenue.com
2203,rotoworld.com
2204,warning.or.kr
2205,infospace.com
2206,centrum.cz
2207,verycd.com
2208,urdupoint.com
2209,cafemom.com
2210,juegos.com
2211,justanswer.com
2212,repelis.tv
2213,warthunder.com
2214,brides.com.cn
2215,lavanguardia.com
2216,print3.info
2217,expressen.se
2218,groupon.co.in
2219,siteground.com
2220,justjared.com
2221,telecinco.es
2222,mts.ru
2223,futhead.com
2224,alyaoum24.com
2225,musica.com
2226,extremetube.com
2227,gotowebinar.com
2228,kwejk.pl
2229,etrade.com
2230,doisongphapluat.com
2231,avaxhm.com
2232,nesn.com
2233,wallstcheatsheet.com
2234,fixya.com
2235,isna.ir
2236,patch.com
2237,maybank2u.com.my
2238,seriouseats.com
2239,metrotvnews.com
2240,ifttt.com
2241,allmyvideos.net
2242,news24.com
2243,santabanta.com
2244,couchtuner.eu
2245,idealista.com
2246,divyabhaskar.co.in
2247,jibjab.com
2248,ansa.it
2249,friendfeed.com
2250,cankaoxiaoxi.com
2251,vz.ru
2252,pizzahut.com
2253,ucla.edu
2254,carwale.com
2255,lotterypost.com
2256,debenhams.com
2257,hsn.com
2258,svyaznoy.ru
2259,payoneer.com
2260,pitchfork.com
2261,privalia.com
2262,madpandatv.net
2263,tagesschau.de
2264,tympanus.net
2265,mundodeportivo.com
2266,miralinks.ru
2267,asp.net
2268,sport.es
2269,jetblue.com
2270,hibapress.com
2271,lidl.de
2272,boots.com
2273,desirulez.net
2274,tecmundo.com.br
2275,pornmaki.com
2276,ilsole24ore.com
2277,ixbt.com
2278,express.co.uk
2279,myway.com
2280,playerpage109.info
2281,malltail.com
2282,webhostingtalk.com
2283,coolsocialsearch.com
2284,nguoiduatin.vn
2285,olx.ro
2286,futureshop.ca
2287,day.az
2288,heureka.cz
2289,bigpoint.com
2290,korabia.com
2291,draugiem.lv
2292,sweetim.com
2293,bestbuy.ca
2294,freshdesk.com
2295,cheapoair.com
2296,deutsche-bank.de
2297,rg.ru
2298,whirlpool.net.au
2299,pornerbros.com
2300,rivals.com
2301,ssisurveys.com
2302,xueqiu.com
2303,mirrorcreator.com
2304,olx.ph
2305,haraj.com.sa
2306,hamusoku.com
2307,google.com.pr
2308,bhg.com
2309,xiaomi.com
2310,irpopup.ir
2311,marthastewart.com
2312,pubted.com
2313,cpmrocket.com
2314,largepornfilms.com
2315,bfmtv.com
2316,state.tx.us
2317,ssg.com
2318,pelis24.com
2319,landsend.com
2320,tobogo.net
2321,alice.it
2322,psu.edu
2323,livetv.sx
2324,cambridge.org
2325,gidonlinekino.com
2326,nitroflare.com
2327,delfi.lt
2328,anipo.jp
2329,utorrent.com
2330,sendspace.com
2331,hulu.jp
2332,mango.com
2333,clkmon.com
2334,xossip.com
2335,nyu.edu
2336,walla.co.il
2337,sportskeeda.com
2338,ebrun.com
2339,magazineluiza.com.br
2340,dominos.com
2341,books.com.tw
2342,creativemarket.com
2343,lazada.com.ph
2344,thrillist.com
2345,cornell.edu
2346,cox.net
2347,made-in-china.com
2348,overthumbs.com
2349,rawstory.com
2350,opencart.com
2351,homeshop18.com
2352,incruit.com
2353,express.pk
2354,iteye.com
2355,thepiratebay.to
2356,mk.co.kr
2357,redflagdeals.com
2358,suntrust.com
2359,gfan.com
2360,songspk.name
2361,dawanda.com
2362,szn.cz
2363,hsbc.com.hk
2364,stargazete.com
2365,rueducommerce.fr
2366,cdc.gov
2367,korrespondent.net
2368,rbcroyalbank.com
2369,ojooo.com
2370,mileroticos.com
2371,proboards.com
2372,zap2it.com
2373,trafficfactory.biz
2374,tascatlasa.com
2375,torrenthound.com
2376,baimao.com
2377,28.com
2378,wpengine.com
2379,techtarget.com
2380,watchseries.ag
2381,all2lnk.com
2382,series.ly
2383,qiwi.com
2384,smugmug.com
2385,shoutmeloud.com
2386,laposte.net
2387,codeplex.com
2388,scout.com
2389,wufoo.com
2390,chow.com
2391,yandex.com
2392,tubegalore.com
2393,nj.com
2394,rankingsandreviews.com
2395,xrosview.com
2396,commonfloor.com
2397,societegenerale.fr
2398,madpanda.tv
2399,boardgamegeek.com
2400,rocketnews24.com
2401,mightytext.net
2402,cox.com
2403,curse.com
2404,tasnimnews.com
2405,kariyer.net
2406,sou300.com
2407,simplyhired.com
2408,searchenginewatch.com
2409,free-av-douga.com
2410,socialmediaexaminer.com
2411,bartarinha.ir
2412,vosteran.com
2413,forexpf.ru
2414,techbang.com
2415,yesmessenger.com
2416,bostonglobe.com
2417,logmein.com
2418,tripadvisor.it
2419,feedburner.com
2420,dnsrsearch.com
2421,cpasbien.pw
2422,agame.com
2423,adam4adam.com
2424,geico.com
2425,allmusic.com
2426,ole.com.ar
2427,python.org
2428,livestream.com
2429,digadz.com
2430,consumer-responses.com
2431,bulbagarden.net
2432,gamme.com.tw
2433,ebaumsworld.com
2434,wn.com
2435,psychologytoday.com
2436,demonoid.pw
2437,bttiantang.com
2438,arbeitsagentur.de
2439,literotica.com
2440,msnbc.com
2441,betfair.com
2442,zcool.com.cn
2443,sedty.com
2444,egotastic.com
2445,minecraftforum.net
2446,ieee.org
2447,rr.com
2448,eltiempo.com
2449,hollywoodlife.com
2450,olx.com.pk
2451,lastpass.com
2452,globaltestmarket.com
2453,anandtech.com
2454,papajohns.com
2455,ana.co.jp
2456,travelocity.com
2457,minecraft.net
2458,multitran.ru
2459,hot-sex-tube.com
2460,qtrax.com
2461,rantsports.com
2462,blu-ray.com
2463,ap.org
2464,windows.net
2465,suumo.jp
2466,consumer-feedback.net
2467,caf.fr
2468,lindaikeji.blogspot.com
2469,edx.org
2470,yandex.kz
2471,dinamalar.com
2472,gg.com.ua
2473,bom.gov.au
2474,bc.vc
2475,rojadirecta.me
2476,gopro.com
2477,name.com
2478,letitbit.net
2479,imgserve.net
2480,bigrock.in
2481,bancobrasil.com.br
2482,forexfactory.com
2483,trgino.com
2484,jobstreet.com
2485,sport1.de
2486,tchibo.de
2487,infolinks.com
2488,bnpparibas.net
2489,skyscrapercity.com
2490,nature.com
2491,mmgp.ru
2492,mos.ru
2493,keek.com
2494,skrill.com
2495,titan24.com
2496,ali213.net
2497,lazada.vn
2498,panasonic.com
2499,flashscore.com
2500,stardoll.com
